time,y,amount
0,.,100
5,5.93162,.
10,3.66687,.
12,.,100
15,9.37214,.
20,6.66266,.
24,.,100
25,14.67695,.
30,7.25307,.
35,3.6812,.
36,.,100
40,10.79196,.
45,5.59725,.
48,.,100
50,12.54813,.
